{"iter": 0, "train/loss": 4.660604476928711, "val/loss": 4.637945175170898, "lr": 0.0, "mfu": -100.0, "ppl": null, "test/accuracy": 0.0, "test/accuracy_ar": null, "test/accuracy_other": null, "train/accuracy": 0.0, "_timestamp": 1709369867.057086, "_runtime": 3080.6625978946686, "_step": 0, "_wandb": {"runtime": 3099}}